Metric,avg,min,max,sum,p1,p5,p10,p25,p50,p75,p90,p95,p99,std
Active Decode Throughput (tokens/sec),83.32,0.00,133.41,,,,,,102.46,,104.14,104.38,104.64,28.20
Active Decode Throughput Per User (tokens/sec/user),19.97,0.00,43.55,,,,,,20.59,,20.91,21.52,21.98,3.01
Active Prefill Throughput (tokens/sec),827.64,165.55,899.53,,,,,,899.53,,899.53,899.53,899.53,117.46
Active Prefill Throughput Per User (tokens/sec/user),175.99,165.54,183.50,,,,,,179.91,,179.91,179.91,179.91,6.12
Active Total Throughput (tokens/sec),155.69,17.15,899.53,,,,,,105.44,,105.44,899.53,899.53,222.53
Credit-to-Start Latency (ms),2.60,2.54,2.77,12.98,2.54,2.54,2.54,2.55,2.56,2.56,2.69,2.73,2.77,0.09
Decode Duration (ms),24539.94,17330.94,29097.52,122699.72,17519.22,18272.35,19213.76,22038.00,26146.60,28086.67,28693.18,28895.35,29057.09,4339.62
E2E Output Token Throughput (tokens/sec/user),18.76,15.58,24.57,93.81,15.62,15.78,15.97,16.54,17.16,19.95,22.72,23.65,24.38,3.25
Effective Concurrency,4.26,0.00,5.00,,,,,,5.00,,5.00,5.00,5.00,1.16
Effective Decode Concurrency,3.82,0.00,5.00,,,,,,5.00,,5.00,5.00,5.00,1.61
Effective Decode Throughput (tokens/sec),77.75,0.00,133.41,,,,,,102.28,,104.12,104.38,104.64,34.28
Effective Decode Throughput Per User (tokens/sec/user),18.64,0.00,43.55,,,,,,20.55,,20.91,21.52,21.98,5.77
Effective Latency (CO-aware) (ms),27373.33,20354.02,32086.32,136866.66,20542.30,21295.42,22236.81,25060.99,29135.53,30229.79,31343.71,31715.01,32012.06,4197.49
Effective Prefill Concurrency,0.44,0.00,5.00,,,,,,0.00,,0.00,5.00,5.00,1.38
Effective Prefill Throughput (tokens/sec),77.91,0.00,899.53,,,,,,0.00,,0.00,899.53,899.53,244.36
Effective Prefill Throughput Per User (tokens/sec/user),16.57,0.00,183.50,,,,,,0.00,,0.00,179.91,179.91,51.42
Effective Total Throughput (tokens/sec),155.66,0.00,899.53,,,,,,105.44,,105.44,899.53,899.53,222.52
HTTP Blocked (ms),0.00,0.00,0.00,0.00,0.00,0.00,0.00,0.00,0.00,0.00,0.00,0.00,0.00,0.00
HTTP Chunks Received,152.00,105.00,186.00,760.00,106.20,111.00,117.00,135.00,163.00,171.00,180.00,183.00,185.40,28.76
HTTP Chunks Sent,1.00,1.00,1.00,5.00,1.00,1.00,1.00,1.00,1.00,1.00,1.00,1.00,1.00,0.00
HTTP Connecting (ms),1.27,0.99,1.59,6.35,1.00,1.00,1.01,1.03,1.14,1.59,1.59,1.59,1.59,0.27
HTTP Connection Overhead (ms),1.27,0.99,1.59,6.35,1.00,1.00,1.01,1.03,1.14,1.59,1.59,1.59,1.59,0.27
HTTP Connection Reused (ratio),0.00,0.00,0.00,0.00,0.00,0.00,0.00,0.00,0.00,0.00,0.00,0.00,0.00,0.00
HTTP Data Received (KB),37.86,26.52,45.84,189.30,26.81,27.97,29.42,33.78,40.69,42.46,44.49,45.17,45.71,6.90
HTTP Data Sent (KB),744.69,744.60,744.78,3723.45,744.60,744.60,744.61,744.62,744.67,744.78,744.78,744.78,744.78,0.08
HTTP DNS Lookup (ms),0.00,0.00,0.00,0.00,0.00,0.00,0.00,0.00,0.00,0.00,0.00,0.00,0.00,0.00
HTTP Duration (excl. conn) (ms),27370.56,20351.02,32083.61,136852.78,20539.31,21292.47,22233.91,25058.24,29132.81,30227.10,31341.00,31712.30,32009.34,4197.59
HTTP Receiving (ms),24539.95,17330.95,29097.52,122699.76,17519.23,18272.36,19213.77,22038.01,26146.61,28086.67,28693.18,28895.35,29057.09,4339.62
HTTP Sending (ms),1.61,1.26,2.06,8.04,1.26,1.27,1.28,1.30,1.39,2.03,2.05,2.05,2.06,0.36
HTTP Total Time (ms),27371.83,20352.62,32084.63,136859.13,20540.90,21294.06,22235.50,25059.83,29133.95,30228.10,31342.02,31713.33,32010.37,4197.35
HTTP Waiting (TTFB) (ms),2829.00,2139.16,3018.20,14144.98,2172.99,2308.29,2477.41,2984.79,2984.80,3018.02,3018.13,3018.17,3018.20,345.24
Image Latency (ms/image),27370.74,20351.25,32083.76,136853.68,20539.53,21292.69,22234.13,25058.46,29132.97,30227.25,31341.16,31712.46,32009.50,4197.56
Image Throughput (images/sec),0.04,0.03,0.05,0.19,0.03,0.03,0.03,0.03,0.03,0.04,0.05,0.05,0.05,0.01
Input Sequence Length (tokens),500.00,500.00,500.00,2500.00,500.00,500.00,500.00,500.00,500.00,500.00,500.00,500.00,500.00,0.00
Inter Chunk Latency (ms),162.52,120.39,1045.40,122699.72,124.01,143.59,145.97,156.97,165.79,167.24,168.20,168.57,169.69,33.64
Inter Token Latency (ms),49.18,34.73,58.31,245.89,35.11,36.62,38.50,44.16,52.40,56.29,57.50,57.91,58.23,8.70
Number of Images (images),1.00,1.00,1.00,5.00,1.00,1.00,1.00,1.00,1.00,1.00,1.00,1.00,1.00,0.00
OSL Mismatch Diff % (%),0.00,0.00,0.00,0.00,0.00,0.00,0.00,0.00,0.00,0.00,0.00,0.00,0.00,0.00
Output Sequence Length (tokens),500.00,500.00,500.00,2500.00,500.00,500.00,500.00,500.00,500.00,500.00,500.00,500.00,500.00,0.00
Output Token Throughput Per User (tokens/sec/user),21.09,17.15,28.79,105.44,17.17,17.27,17.40,17.77,19.08,22.64,26.33,27.56,28.55,4.30
Prefill Throughput Per User (tokens/sec/user),179.91,165.54,233.58,899.53,165.54,165.54,165.54,165.55,167.43,167.43,207.12,220.35,230.94,26.85
Reasoning Token Count (tokens),500.00,500.00,500.00,2500.00,500.00,500.00,500.00,500.00,500.00,500.00,500.00,500.00,500.00,0.00
Request Latency (ms),27370.74,20351.25,32083.76,136853.68,20539.53,21292.69,22234.13,25058.46,29132.97,30227.25,31341.16,31712.46,32009.50,4197.56
Time to First Token (ms),2830.79,2140.58,3020.46,14153.96,2174.41,2309.71,2478.84,2986.24,2986.37,3020.31,3020.40,3020.43,3020.46,345.44
Time to Second Token (ms),354.95,165.09,1045.40,1774.76,165.10,165.13,165.16,165.25,199.18,199.83,707.18,876.29,1011.58,345.57
Tokens In Flight (tokens),3054.78,0.00,4297.42,,,,,,3125.45,,3952.72,4125.07,4262.95,752.88

Metric,Value
Benchmark Duration (sec),32.08
Input Token Throughput (tokens/sec),77.91
OSL Mismatch Count,0.00
Output Token Throughput (tokens/sec),77.91
Request Count,5.00
Request Throughput (requests/sec),0.16
Total Input Sequence Length (tokens),2500.00
Total Output Sequence Length (tokens),2500.00
Total Reasoning Tokens (tokens),2500.00
Total Token Throughput (tokens/sec),155.82


Endpoint,GPU_Index,GPU_Name,GPU_UUID,Platform,Metric,avg,min,max,sum,p1,p5,p10,p25,p50,p75,p90,p95,p99,std
